Workbook

Sheet PO Single Sheet
A7: DATE: | J7: PURCHASE ORDER NUMBER
A8: JOB NAME:
A9: JOB NO:
A11: TO: | I11: SHIP TO:
A14: ATTN: | I14: SHIP DATE:
M19: =+L19*A19 -> 0
M20: =+L20*A20 -> 0
M21: =+L21*A21 -> 0
M22: =+L22*A22 -> 0
M23: =+L23*A23 -> 0
M24: =+L24*A24 -> 0
M25: =+L25*A25 -> 0
M26: =+L26*A26 -> 0
M27: =+L27*A27 -> 0
M28: =+L28*A28 -> 0
M29: =+L29*A29 -> 0
M30: =+L30*A30 -> 0
... M39: =+L39*A39 -> 0
L40: Subtotal | M40: =SUM(M19:M39) -> 0
L41: Freight
L42: Tax | M42: =(M40+M41)*N42 -> 0 | N42: 0.0725
L43: Total | M43: =+M42+M40+M41 -> 0
B44: PURCHASE ORDER NUMBERS MUST APPEAR ON ALL PACKING SLIPS & INVOICES.
B45: ALL INVOICES TO BE SENT TO: PO BOX 1959, WAPAKONETA OH 45895
C47: TAXABLE | F47: EXEMPT | H47: FREIGHT ALLOWED | J47: BY:

Sheet PO Page 1 of 2
A7: DATE: | J7: PURCHASE ORDER NUMBER
A8: JOB NAME:
A9: JOB NO: | K9: Page 1 of 2
A11: TO: | I11: SHIP TO:
A14: ATTN: | I14: SHIP DATE: | L14: VIA:
M19: =+L19*A19 -> 0
M20: =+L20*A20 -> 0
M21: =+L21*A21 -> 0
M22: =+L22*A22 -> 0
M23: =+L23*A23 -> 0
M24: =+L24*A24 -> 0
M25: =+L25*A25 -> 0
M26: =+L26*A26 -> 0
M27: =+L27*A27 -> 0
M28: =+L28*A28 -> 0
M29: =+L29*A29 -> 0
M30: =+L30*A30 -> 0
... M49: =+L49*A49 -> 0
L50: Page 1 Subtotal | M50: =SUM(M19:M49) -> 0

Sheet PO Page 2 of 2
A1: DATE: | D1: =+'PO Page 1 of 2'!D7:H7 -> 0 | J1: PURCHASE ORDER NUMBER
A2: JOB NAME: | D2: =+'PO Page 1 of 2'!D8:H8 -> 0 | J2: =+'PO Page 1 of 2'!J8:L8 -> 0
A3: JOB NO: | D3: =+'PO Page 1 of 2'!D9:H9 -> 0 | K3: Page 2 of 2
M6: =+L6*A6 -> 0
M7: =+L7*A7 -> 0
M8: =+L8*A8 -> 0
M9: =+L9*A9 -> 0
M10: =+L10*A10 -> 0
M11: =+L11*A11 -> 0
M12: =+L12*A12 -> 0
M13: =+L13*A13 -> 0
M14: =+L14*A14 -> 0
M15: =+L15*A15 -> 0
M16: =+L16*A16 -> 0
M17: =+L17*A17 -> 0
... M38: =+L38*A38 -> 0
D39: Page 2 Subtotal | M39: =SUM(M6:M38) -> 0
D40: =+'PO Page 1 of 2'!L50 -> Page 1 Subtotal | M40: =+'PO Page 1 of 2'!M50 -> 0
L41: Subtotal | M41: =+M39+M40 -> 0
L42: Freight
L43: Tax | M43: =+(M41+M42)*N43 -> 0 | N43: 0.0725
L44: Total | M44: =+M43+M41+M42 -> 0
B45: PURCHASE ORDER NUMBERS MUST APPEAR ON ALL PACKING SLIPS & INVOICES.
B46: ALL INVOICES TO BE SENT TO: PO BOX 1959, WAPAKONETA OH 45895
C48: TAXABLE | F48: EXEMPT | H48: FREIGHT ALLOWED | J48: BY:
